Title,Category,Size,Not Game,Expansion,Stolen,Atlas Name,Year Published,Min Players,Max Players,Min Playtime,Max Playtime,Min Age,Price,MSRP,Primary Publisher,Primary Designer,Reddit All Time Count,Reddit Week Count,Reddit Day Count,Add Date
Bedlamb,Keep,Tiny,false,false,false,Bedlamb,2011,2,4,15,15,14,0.00,0.00,Asmadi Games,Chris Cieslik,,,,Wed Mar 08 2023
Bohnanza,Keep,Small,false,false,false,Bohnanza,1997,2,7,45,60,13,28.00,19.95,AMIGO,Uwe Rosenberg,,,,Wed Mar 08 2023
Iron Clays,Keep,Small,true,false,false,,,,,,,,,,,,,,,Wed Mar 08 2023
Power Grid The Fabled Expansion,Keep,Tiny,false,true,false,Power Grid: Fabled Expansion,2017,2,6,120,150,12,10.99,15.95,Rio Grande Games,Friedemann Friese,,,,Wed Mar 08 2023
StockPile The Continuing Corruption,Keep,Small,false,true,false,Stockpile: Continuing Corruption,2016,2,5,45,75,13,0.00,25,Nauvoo Games,,,,,Wed Mar 08 2023
We Didn't Playtest This Legacies,Keep,Tiny,false,true,false,We Didn't Playtest This: Legacies,2012,2,15,1,10,12,10.47,15,Asmadi Games,Chris Cieslik,,,,Wed Mar 08 2023
We Didn't Playtest This At All,Keep,Tiny,false,false,false,We Didn't Playtest This At All,2007,2,10,1,10,12,11.99,0.00,Asmadi Games,Chris Cieslik,,,,Wed Mar 08 2023
Strife,Keep,Tiny,false,false,false,Strife: Legacy of the Eternals,2014,2,2,60,60,13,17.95,19.99,Cube Factory of Ideas,Christopher Hamm,,,,Wed Mar 08 2023
Azul,Keep,Medium,false,false,false,Azul,2017,2,4,30,60,8,22.99,39.99,Next Move Games,Michael Kiesling,,,,Wed Mar 08 2023
Monopoly,Keep,Large,false,false,false,Monopoly,1933,2,8,40,300,8,14.95,19.99,Hasbro,Charles Darrow,,,,Wed Mar 08 2023
Classic Dungeon,Keep,Large,false,false,false,The Classic Dungeon,1992,1,6,30,30,6,0.00,0,TSR,Jeff Grubb,,,,Wed Mar 08 2023
Wavelength,Keep,Medium,false,false,false,Wavelength,2019,2,20,30,45,13,29.99,39.99,Palm Court,Alex Hague,,,,Wed Mar 08 2023
Jaipur,Keep,Small,false,false,false,Jaipur,2009,2,2,30,42,12,19.99,24.99,GameWorks SàRL,Sébastien Pauchon,,,,Wed Mar 08 2023
That's Pretty Clever,Keep,Small,false,false,false,That's Pretty Clever,2018,1,4,30,30,8,17.95,19.95,Schmidt Spiele,Wolfgang Warsch,,,,Wed Mar 08 2023
Nessos,Keep,Small,false,false,false,Nessos,2018,3,6,20,30,8,9.99,14.99,,佐山貴亮 (Takaaki Sayama),,,,Wed Mar 08 2023
Point Salad,Keep,Small,false,false,false,Point Salad,2019,2,6,15,30,14,14.49,19.99,Alderac Entertainment Group,Molly Johnson,,,,Wed Mar 08 2023
Terraforming Mars,Keep,Medium,false,false,false,Terraforming Mars,2016,1,5,90,120,12,49.49,69.95,FryxGames,Jacob Fryxelius,,,,Wed Mar 08 2023
Terraforming Mars Turmoil,Keep,Small,false,true,false,Terraforming Mars: Turmoil,2019,1,5,120,120,12,25.99,34.95,FryxGames,Jacob Fryxelius,,,,Wed Mar 08 2023
Blockbuster,Keep,Small,false,false,false,Blockbuster,2019,4,10,30,60,12,16.29,21.99,Big Potato,,,,,Wed Mar 08 2023
Concordia,Keep,Large,false,false,false,Concordia,2013,2,5,90,120,13,44.49,64.95,PD-Verlag,Mac Gerdts,,,,Wed Mar 08 2023
Axis & Allies: Europe,Keep,Large,false,false,false,Axis & Allies: Europe,1999,2,4,210,210,12,63.99,90,"Avalon Hill Games, Inc.","Larry Harris, Jr.",,,,Wed Mar 08 2023
Brass Birmingham,Keep,Medium,false,false,false,Brass: Birmingham,2018,2,4,120,180,14,162.96,69.99,Roxley,Gavan Brown,,,,Wed Mar 08 2023
Great Western Trail,Keep,Medium,false,false,false,Great Western Trail,2016,2,4,75,150,12,44.95,69.95,eggertspiele,Alexander Pfister,,,,Wed Mar 08 2023
Tiny Towns,Keep,Medium,false,false,false,Tiny Towns,2019,1,6,45,60,14,30.99,39.99,Alderac Entertainment Group,Peter McPherson,,,,Wed Mar 08 2023
Scott Pilgrim's Precious Little Card Game,Keep,Medium,false,false,false,Scott Pilgrim's Precious Little Card Game,2017,2,4,45,60,13,37.95,34.99,Renegade Game Studios,Keith Baker,,,,Wed Mar 08 2023
Patchwork,Keep,Small,false,false,false,Patchwork,2014,2,2,15,30,8,27.99,19.99,Lookout Games,Uwe Rosenberg,,,,Wed Mar 08 2023
Root,Keep,Medium,false,false,false,Root,2018,2,4,60,90,10,47.88,60,Leder Games,Cole Wehrle,,,,Wed Mar 08 2023
Root The Underworld Expansion,Keep,Medium,false,true,false,Root: The Underworld Expansion,2020,2,6,60,90,10,51.95,50,Leder Games,Patrick Leder,,,,Wed Mar 08 2023
Root The Riverfolk Expansion,Keep,Medium,false,true,false,Root: The Riverfolk Expansion,2018,1,6,60,90,10,32.00,40,Leder Games,Cole Wehrle,,,,Wed Mar 08 2023
Root Game Board,Keep,Medium,true,false,false,,,,,,,,,,,,,,,Wed Mar 08 2023
Decrypto,Keep,Small,false,false,false,Decrypto,2018,3,8,30,45,12,22.99,24.99,Le Scorpion Masqué,Thomas Dagenais-Lespérance,,,,Wed Mar 08 2023
Carcassonne,Keep,Medium,false,false,false,Carcassonne,2000,2,5,30,45,7,24.95,39.99,"Z-Man Games, Inc.",Klaus-Jürgen Wrede,,,,Wed Mar 08 2023
Stone Age,Keep,Large,false,false,false,Stone Age,2008,2,5,60,90,13,43.99,49.99,"Z-Man Games, Inc.",Bernd Brunnhofer,,,,Wed Mar 08 2023
The Great Zimbabwe,Keep,Medium,false,false,false,The Great Zimbabwe,2012,2,5,120,150,14,99.97,124,Splotter Spellen,Jeroen Doumen,,,,Wed Mar 08 2023
Food Chain Magnate,Keep,Medium,false,false,false,Food Chain Magnate,2015,2,5,120,240,14,99.00,150,Splotter Spellen,Jeroen Doumen,,,,Wed Mar 08 2023
Food Chain Magnate Expansion Set,Keep,Medium,false,true,false,Food Chain Magnate,2015,2,5,120,240,14,99.00,150,Splotter Spellen,Jeroen Doumen,,,,Wed Mar 08 2023
War Chest,Keep,Medium,false,false,false,War Chest,2018,2,4,30,45,14,35.98,49.99,Alderac Entertainment Group,David Thompson (I),,,,Wed Mar 08 2023
The Castles of Burgundy,Keep,Medium,false,false,false,The Castles of Burgundy,2011,2,4,30,90,12,156.09,41.99,Ravensburger,Stefan Feld,,,,Wed Mar 08 2023
Lords of Vegas,Keep,Large,false,false,false,Lords of Vegas,2023,2,6,30,90,13,0.00,0.00,,,,,,Wed Mar 08 2023
Bus,Keep,Medium,false,false,false,Bus,1999,3,5,120,120,14,235.40,89.99,Splotter Spellen,Jeroen Doumen,,,,Wed Mar 08 2023
8 Bit Box,Keep,Large,false,false,false,8Bit Box,2018,3,6,15,40,6,16.00,44.99,IELLO,Frank Crittin,,,,Wed Mar 08 2023
Power Grid,Keep,Large,false,false,false,Power Grid,2004,2,6,120,150,12,33.99,49.95,2F-Spiele,Friedemann Friese,,,,Wed Mar 08 2023
Imperial 2030,Keep,Large,false,false,false,Imperial 2030,2009,2,6,120,180,13,42.99,59.95,Rio Grande Games,Mac Gerdts,,,,Wed Mar 08 2023
Stardew Valley,Keep,Large,false,false,false,Stardew Valley: The Board Game,2021,1,4,45,180,13,0.00,94.99,ConcernedApe,Eric Barone,,,,Wed Mar 08 2023
7 Wonders,Keep,Medium,false,false,false,7 Wonders,2010,2,7,30,45,10,44.99,49.99,Repos Production,Antoine Bauza,,,,Wed Mar 08 2023
Everdell,Keep,Medium,false,false,false,Everdell,2018,1,4,20,80,10,60.00,60,Starling Games (II),James A. Wilson,,,,Wed Mar 08 2023
Stockpile,Keep,Medium,false,false,false,Stockpile,2015,2,5,45,60,13,0.00,49.95,Nauvoo Games,Brett Sobol,,,,Wed Mar 08 2023
Sheriff of Nottingham,Keep,Large,false,false,false,Sheriff of Nottingham,2014,3,5,60,90,13,31.99,34.99,Arcane Wonders,Sérgio Halaban,,,,Wed Mar 08 2023
Hues and Cues,Keep,Medium,false,false,false,Hues and Cues,2020,3,10,15,45,8,20.99,24.99,The Op,Scott Brady,,,,Wed Mar 08 2023
Long Shot,Keep,Small,false,false,false,Long Shot,,,,,,,0.00,0.00,"Z-Man Games, Inc.",,,,,Wed Mar 08 2023
Dungeon!,Keep,Large,false,false,false,Dungeon!,1975,1,8,30,45,8,14.89,19.99,Wizards of the Coast,Chris Dupuis,,,,Wed Mar 08 2023
Ticket to Ride,Keep,Medium,false,false,false,Ticket to Ride,2004,2,5,45,90,8,47.44,54.99,Days of Wonder,Alan R. Moon,,,,Wed Mar 08 2023
Coup,Keep,Small,false,false,false,Coup,1975,2,6,90,90,10,0.00,0,ASS Altenburger Spielkarten,,,,,Wed Mar 08 2023
Sushi Go Party,Keep,Small,false,false,true,Sushi Go Party!,2016,2,8,30,45,8,14.99,22,Gamewright,Phil Walker-Harding,,,,Wed Mar 08 2023
Cyclades,Keep,Large,false,false,false,Cyclades,2009,2,5,60,90,13,47.99,69.99,Matagot,Bruno Cathala,,,,Wed Mar 08 2023
Concept,Bracket,Medium,false,false,false,Concept,2013,4,12,30,45,10,27.99,44.99,Repos Production,Gaëtan Beaujannot,,,,Wed Mar 08 2023
5 Minute Mystery,Bracket,Medium,false,false,false,5-Minute Mystery,2020,1,6,5,30,8,0.00,0,Wiggles 3D,Connor Reid,,,,Wed Mar 08 2023
Coup Rebellion,Bracket,Medium,false,false,false,Coup Rebellion G54,2014,3,6,15,15,14,22.99,29.99,Indie Boards & Cards,Rikki Tahta,,,,Wed Mar 08 2023
Cosmic Factory,Bracket,Medium,false,false,false,Cosmic Factory,2018,2,6,20,30,10,29.99,29.99,Gigamic,Kane Klenko,,,,Wed Mar 08 2023
Gizmos,Bracket,Medium,false,false,false,Gizmos,2018,2,4,40,50,14,31.99,39.99,CMON Limited,Phil Walker-Harding,,,,Wed Mar 08 2023
The Hunger,Bracket,Medium,false,false,false,The Hunger,2021,2,6,60,60,12,36.99,50,Origames,Richard Garfield,,,,Wed Mar 08 2023
Saboteur,Bracket,Tiny,false,false,false,Saboteur,2004,3,10,30,45,8,6.99,9.99,AMIGO,Fréderic Moyersoen,,,,Wed Mar 08 2023
The Great Dalmuti,Bracket,Tiny,false,false,false,The Great Dalmuti,1995,4,8,60,60,8,10.99,14.99,Wizards of the Coast,Richard Garfield,,,,Wed Mar 08 2023
Burgle Bros,Bracket,Small,false,false,false,Burgle Bros.,2015,1,4,45,90,12,0.00,46.82,Tim Fowers,Tim Fowers,,,,Wed Mar 08 2023
Beagle or Bagel,Bracket,Tiny,false,false,false,Beagle or Bagel,2019,2,6,0,0,7,0.00,12.99,Blue Orange Games,Jeremy Posner,,,,Wed Mar 08 2023
Welcome to the Dungeon,Bracket,Tiny,false,false,false,Welcome to the Dungeon,2013,2,4,30,45,10,10.99,14.99,IELLO,Masato Uesugi,,,,Wed Mar 08 2023
What the Heck,Bracket,Tiny,false,false,false,What the Heck?,1988,2,5,20,20,7,5.55,7.99,AMIGO,Alex Randolph,,,,Wed Mar 08 2023
Shelfie Stacker,Bracket,Medium,false,false,false,Shelfie Stacker,2021,1,4,20,40,8,0.00,52,Arkus Games,Shem Phillips,,,,Wed Mar 08 2023
Ticket to Ride New York,Bracket,Small,false,false,false,Ticket to Ride: New York,2018,2,4,10,15,8,15.99,19.99,Days of Wonder,Alan R. Moon,,,,Wed Mar 08 2023
Machi Koro,Bracket,Medium,false,false,false,Machi Koro,2012,2,4,15,30,10,21.99,29.99,Grounding,Masao Suganuma,,,,Wed Mar 08 2023
Flick 'Em Up,Bracket,Medium,false,false,true,Flick 'em Up!,2015,2,10,45,60,8,23.99,49.99,Pretzel Games,Gaëtan Beaujannot,,,,Wed Mar 08 2023
New York Zoo,Bracket,Medium,false,false,false,New York Zoo,2020,1,5,30,60,10,27.79,39.95,Feuerland Spiele,Uwe Rosenberg,,,,Wed Mar 08 2023
5211,Bracket,Small,false,false,false,5211,2019,2,5,20,30,8,8.99,12.99,Next Move Games,Tsuyoshi Hashiguchi (はしぐち つよし),,,,Wed Mar 08 2023
Exploding Kittens,Bracket,Small,false,false,false,Exploding Kittens,2015,2,5,10,20,7,9.99,19.99,"Ad Magic, Inc.",Elan Lee,,,,Wed Mar 08 2023
Rose Ceremony,Bracket,Small,false,false,false,Rose Ceremony,2020,3,6,15,15,8,13.99,12.99,Blue Orange Games,Ken Gruhl,,,,Wed Mar 08 2023
Vault Wars,Bracket,Small,false,false,false,Vault Wars,2015,3,5,45,60,13,15.49,24.95,Floodgate Games,Jonathan Gilmour,,,,Wed Mar 08 2023
Love Letter,Bracket,Tiny,false,false,false,Love Letter,2012,2,4,20,20,10,11.99,9.99,"Z-Man Games, Inc.",Seiji Kanai,,,,Wed Mar 08 2023
Ship Shape,Bracket,Medium,false,false,false,Ship Shape,2010,,,,,,24.00,0.00,Cubicle 7 Entertainment,Aaron Acevedo,,,,Wed Mar 08 2023
Boss Monster,Bracket,Small,false,false,false,Boss Monster,2013,2,4,30,45,13,16.99,24.99,Brotherwise Games,Johnny O'Neal,,,,Wed Mar 08 2023
Railroad Ink Deep Blue,Bracket,Small,false,false,false,Railroad Ink: Deep Blue Edition,2018,1,6,20,30,8,16.99,19.99,Horrible Guild,Hjalmar Hach,,,,Wed Mar 08 2023
Railroad Ink Blazing Red,Bracket,Small,false,false,false,Railroad Ink: Blazing Red,2018,1,6,20,30,8,16.79,19.99,Horrible Guild,Hjalmar Hach,,,,Wed Mar 08 2023
Bargain Quest The Black Market Expansion,Bracket,Small,false,true,false,Bargain Quest: The Black Market Expansion,2019,2,6,30,60,8,17.47,20,,Jonathan Ying,,,,Wed Mar 08 2023
Bargain Quest,Bracket,Medium,false,false,false,Bargain Quest,2017,2,6,30,60,8,30.49,40,Renegade Game Studios,Jonathan Ying,,,,Wed Mar 08 2023
Scythe,Bracket,Huge,false,false,false,Scythe,2016,1,5,90,120,14,54.92,90,Stonemaier Games,Jamey Stegmaier,,,,Wed Mar 08 2023
Scythe Invaders from Afar,Bracket,Medium,false,true,false,Scythe: Invaders from Afar,2016,1,7,90,150,14,22.49,30,Stonemaier Games,Jamey Stegmaier,,,,Wed Mar 08 2023
Scythe The Wind Gambit,Bracket,Medium,false,true,false,Scythe: The Wind Gambit,2017,1,7,90,140,14,19.99,25,Stonemaier Games,Jamey Stegmaier,,,,Wed Mar 08 2023
Dungeon Drop,Bracket,Small,false,false,true,Dungeon Drop,2020,2,4,10,20,10,12.99,22,Phase Shift Games,Scott R. Smith,,,,Wed Mar 08 2023
One Night Ultimate Werewolf,Bracket,Small,false,false,false,One Night Ultimate Werewolf,2014,3,10,15,30,8,17.29,24.99,Bézier Games,Ted Alspach,,,,Wed Mar 08 2023
Machi Koro 2,Bracket,Medium,false,false,false,Machi Koro 2,2021,2,5,45,45,10,27.95,29.95,Pandasaurus Games,Masao Suganuma,,,,Wed Mar 08 2023
Suspicion,Bracket,Large,false,false,false,Suspicion,2016,2,6,30,30,10,14.95,24.99,Ravensburger,Prospero Hall,,,,Wed Mar 08 2023
Pandemic Legacy,Bracket,Large,false,false,false,Pandemic Legacy: Season 1,2015,2,4,60,75,13,59.95,79.99,"Z-Man Games, Inc.",Rob Daviau,,,,Wed Mar 08 2023
Raiders of the North Sea,Bracket,Medium,false,false,true,Raiders of the North Sea,2015,2,4,60,120,12,41.49,55,Garphill Games,Shem Phillips,,,,Wed Mar 08 2023
Trash Pandas,Bracket,Small,false,false,false,Trash Pandas,2107,2,4,15,20,8,8.19,12,Gamewright,Lisa Eskue,,,,Wed Mar 08 2023
Castles of the Mad King Ludwig,Bracket,Medium,false,false,false,Castles of Mad King Ludwig,2014,1,4,90,120,13,69.73,59.99,Bézier Games,Ted Alspach,,,,Wed Mar 08 2023
Mysterium,Bracket,Medium,false,false,false,Mysterium,2015,2,7,30,60,10,43.99,54.99,Libellud,Oleg Sidorenko,,,,Wed Mar 08 2023
Planted,Bracket,Medium,false,false,false,Planted,2022,2,5,20,30,10,0.00,29.99,Buffalo Games,Phil Walker-Harding,,,,Wed Mar 08 2023
Map Maker,Bracket,Medium,false,false,false,Map Maker,2018,1,4,30,60,5,0.00,0.00,One Page Gaming,demon9t,,,,Wed Mar 08 2023
Secret Hitler,Bracket,Medium,false,false,false,Secret Hitler,2016,5,10,30,45,17,40.00,35,Secret Hitler,Mike Boxleiter,,,,Wed Mar 08 2023
Istanbul,Bracket,Large,false,false,false,Istanbul,2014,2,5,40,60,10,39.99,49.99,Alderac Entertainment Group,Rüdiger Dorn,,,,Wed Mar 08 2023
Throw Throw Burrito,Bracket,Medium,false,false,false,Throw Throw Burrito: Original Edition,2019,2,6,15,15,7,22.48,24.99,Exploding Kittens,Brian S. Spence,,,,Wed Mar 08 2023
Cutthroat Kingdoms,Bracket,Medium,false,false,false,Cutthroat Kingdoms,2017,3,6,90,150,14,29.97,39.99,Alderac Entertainment Group,Bryan Merlonghi,,,,Wed Mar 08 2023
Dead of Winter,Bracket,Large,false,false,false,Dead of Winter: A Crossroads Game,2014,2,5,45,210,14,9.99,59.95,Plaid Hat Games,Jonathan Gilmour,,,,Wed Mar 08 2023
Wasteland Express,Bracket,Huge,false,false,false,Wasteland Express Delivery Service,2017,2,5,90,120,13,117.77,89.95,Pandasaurus Games,Ben Pinchback,,,,Wed Mar 08 2023
Pixel Glory,Bracket,Small,false,false,false,Pixel Glory,2014,2,4,25,25,14,17.99,30,Zafty Games,Frank Alberts,,,,Wed Mar 08 2023
Resident Evil Deckbuilding Game,Bracket,Medium,false,false,false,"Resident Evil Deck Building Game ""Nightmare Edition""",,,,,,,399.95,0.00,Bandai,,,,,Wed Mar 08 2023
Modern Art,Bracket,Small,false,false,false,Modern Art,1992,3,5,60,90,14,23.79,29.99,CMON,Reiner Knizia,,,,Wed Mar 08 2023
Le Havre,Bracket,Medium,false,false,false,Le Havre,2008,1,5,30,150,12,118.92,69.99,Lookout Games,Uwe Rosenberg,,,,Wed Mar 08 2023
Kingdom Builder,Bracket,Large,false,false,false,Kingdom Builder,2011,2,4,45,60,8,34.99,59.99,Queen Games,Donald X. Vaccarino,,,,Wed Mar 08 2023
Eko,Bracket,Large,false,false,false,Eko,2015,2,4,45,60,10,39.95,59.99,Dude Games,Henri Kermarrec,,,,Wed Mar 08 2023
Stratego,Bracket,Medium,false,false,false,Stratego,2011,2,2,45,45,8,0.00,0.00,,,,,,Wed Mar 08 2023
Metro X,Bracket,Small,false,false,true,Metro X,2018,1,99,20,20,8,12.95,14.99,OKAZU Brand,Hisashi Hayashi,,,,Wed Mar 08 2023
The Networks,Bracket,Medium,false,false,true,The Networks,2016,1,5,60,90,13,72.06,50,Formal Ferret Games,Gil Hova,,,,Wed Mar 08 2023
Captain Sonar,Bracket,Large,false,false,false,Captain Sonar,2016,2,8,30,60,14,43.99,54.99,Matagot,Roberto Fraga,,,,Wed Mar 08 2023
Near and Far,Bracket,Large,false,false,false,Near and Far,2017,2,4,60,120,13,52.99,69.99,Red Raven Games,Ryan Laukat,,,,Wed Mar 08 2023
Machi Koro Legacy,Bracket,Large,false,false,false,Machi Koro Legacy,2019,2,4,30,45,10,35.00,49.95,Pandasaurus Games,Rob Daviau,,,,Wed Mar 08 2023
Rise of Tribes,Bracket,Large,false,false,false,Rise of Tribes,2018,2,4,30,60,10,39.95,50,Breaking Games,Brad Brooks,,,,Wed Mar 08 2023
World Championship Russian Roulette,Bracket,Small,false,false,false,World Championship Russian Roulette,2017,2,6,15,15,10,0.00,0,Black Monk,Anthony Burch,,,,Wed Mar 08 2023
Silver & Gold,Bracket,Small,false,false,false,Silver & Gold,2019,2,4,20,20,8,9.95,19.99,Nürnberger-Spielkarten-Verlag,Phil Walker-Harding,,,,Wed Mar 08 2023
8 Minute Empire,Bracket,Small,false,false,false,Eight-Minute Empire,2012,2,5,8,20,8,18.99,17.99,Red Raven Games,Ryan Laukat,,,,Wed Mar 08 2023
EBAY Buy it Now,Bracket,Medium,false,false,false,eBay Buy It Now,2022,2,4,30,30,12,0.00,0.00,,,,,,Wed Mar 08 2023
King Me,Bracket,Medium,false,false,false,King Me,2019,2,2,45,45,8,23.00,24.99,Ravensburger,Prospero Hall,,,,Wed Mar 08 2023
Vikings,Bracket,Large,false,false,false,Vikings,,,,,,,124.99,0.00,Rio Grande Games,,,,,Wed Mar 08 2023
Super Skill Pinball 4-Cade,Bracket,Medium,false,false,false,Super-Skill Pinball: 4-Cade,2020,1,4,30,30,12,18.49,24.99,WizKids,Geoff Engelstein,,,,Wed Mar 08 2023
Five Tribes,Bracket,Large,false,false,false,Five Tribes,2014,2,4,60,90,13,47.99,60,Days of Wonder,Bruno Cathala,,,,Wed Mar 08 2023
Don't Get Got,Bracket,Small,false,false,false,Don't Get Got!,2018,2,8,0,0,14,49.42,19.99,Big Potato,Zoe Lee,,,,Wed Mar 08 2023
Whitehall,Bracket,Medium,false,false,false,Whitehall Mystery,2017,2,4,60,90,14,31.99,39.95,Sir Chester Cobblepot,Gabriele Mari,,,,Wed Mar 08 2023
Ladies and Gentlemen,Bracket,Medium,false,false,false,Ladies & Gentlemen,2013,4,10,45,60,12,0.00,39.99,Asmodee,Loïc Lamy,,,,Wed Mar 08 2023
The Pursuit of Happiness,Bracket,Large,false,false,false,The Pursuit of Happiness,2015,1,4,60,90,12,0.00,59.95,Stronghold Games,Adrian Abela,,,,Wed Mar 08 2023
King of Tokyo,Bracket,Medium,false,false,false,King of Tokyo,2011,2,6,30,36,8,28.49,42.99,IELLO,Richard Garfield,,,,Wed Mar 08 2023
King of Tokyo Power Up Expansion,Bracket,Small,false,true,false,King of Tokyo: Power Up,2012,2,6,30,45,8,16.79,20.99,IELLO,Richard Garfield,,,,Wed Mar 08 2023
Forbidden Island,Bracket,Medium,false,false,false,Forbidden Island,2010,2,4,30,45,10,14.99,20,Gamewright,Matt Leacock,,,,Wed Mar 08 2023
Payday,Bracket,Large,false,false,false,Payday,1975,2,6,30,30,8,16.95,18.99,Hasbro,Paul J. Gruen,,,,Wed Mar 08 2023
Tofu Kingdom,Bracket,Tiny,false,false,false,Tofu Kingdom,2015,3,8,10,30,10,8.29,11.99,Kuraki Mura B.G. Studio,Kuraki Mura,,,,Wed Mar 08 2023
Axis & Allies,Bracket,Large,false,false,false,Axis & Allies,,2,2,90,90,12,46.95,40,Milton Bradley,,,,,Wed Mar 08 2023
Risk,Bracket,Large,false,false,false,Risk,1959,2,6,120,120,10,21.99,29.99,Hasbro,Albert Lamorisse,,,,Wed Mar 08 2023
The Game of Life,Bracket,Large,false,false,false,The Game of Life,1960,2,6,30,30,9,16.49,19.99,Milton Bradley,Reuben Klamer,,,,Wed Mar 08 2023
Codenames Deep Under Cover,Bracket,Medium,false,false,false,Codenames: Deep Undercover,2016,4,8,15,30,18,13.99,19.95,Czech Games Edition,Vlaada Chvátil,,,,Wed Mar 08 2023
Fort,Bracket,Medium,false,false,false,Fort,2020,2,4,20,40,8,24.00,30,Leder Games,Grant Rodiek,,,,Wed Mar 08 2023
Boss Monster 2,Bracket,Small,false,false,false,Boss Monster 2: The Next Level,2015,2,4,20,30,13,17.29,24.95,Brotherwise Games,Johnny O'Neal,,,,Wed Mar 08 2023
Twice as Clever ,Bracket,Small,false,false,false,Twice As Clever!,2019,1,4,30,30,10,11.99,19.95,Schmidt Spiele,Wolfgang Warsch,,,,Wed Mar 08 2023
Codenames,Keep,Small,false,false,false,Codenames,2015,2,8,15,15,10,12.65,19.95,Czech Games Edition,Vlaada Chvátil,,,,Wed Mar 08 2023
Just One,Keep,Small,false,false,false,Just One,2018,3,7,20,30,8,19.99,24.99,Repos Production,Bruno Sautter,,,,Wed Mar 08 2023
Calico,Bracket,Medium,false,false,false,Calico,2020,1,4,30,45,13,31.99,39.99,Flatout Games,Kevin Russ,,,,Wed Mar 08 2023
The Resistance,Bracket,Small,false,false,false,The Resistance,2009,5,10,30,45,13,12.99,19.99,Indie Boards & Cards,Don Eskridge,,,,Wed Mar 08 2023
Star Realms,Bracket,Small,false,false,false,Star Realms,2014,2,2,15,30,12,11.00,14.95,White Wizard Games,Darwin Kastle,,,,Wed Mar 08 2023